"LFQ.intensity.AROM_Rep1"	"LFQ.intensity.AROM_Rep2"	"LFQ.intensity.AROM_Rep3"	"LFQ.intensity.WT_Rep1"	"LFQ.intensity.WT_Rep2"	"LFQ.intensity.WT_Rep3"	"id"	"Uniprot"	"Symbol"	"ProteinNames"
0	10836000	12489000	0	0	0	1	"A1L314"	"Mpeg1"	"Macrophage-expressed gene 1 protein"
0	0	15348000	0	0	0	13	"A2AJB7"	"Lcn5"	"Epididymal-specific lipocalin-5;Epididymal-specific lipocalin-5, major form;Epididymal-specific lipocalin-5, minor form"
24674000	0	0	0	0	0	18	"A2AQP0"	"Myh7b"	"Myosin-7B;Myosin-4"
0	0	3451600	0	0	0	19	"A2AR02"	"Ppig"	"Peptidyl-prolyl cis-trans isomerase G"
0	0	2804300	0	0	0	21	"A2ASQ1"	"Agrn"	"Agrin;Agrin N-terminal 110 kDa subunit;Agrin C-terminal 110 kDa subunit;Agrin C-terminal 90 kDa fragment;Agrin C-terminal 22 kDa fragment"
0	0	14917000	0	0	0	22	"A2ASS6"	"Ttn"	"Titin"
3950800	0	0	0	0	0	43	"A6H666"	"Cox8c"	"Cytochrome c oxidase subunit 8C, mitochondrial"
0	15149000	0	0	0	0	56	"B2RXC1"	"Trappc11"	"Trafficking protein particle complex subunit 11"
0	0	3753700	0	0	0	58	"B2RY04"	"Dock5"	"Dedicator of cytokinesis protein 5"
6432900	0	0	0	0	0	86	"D3YV10"	"Ccdc13"	"Coiled-coil domain-containing protein 13"
0	0	8006700	0	0	0	102	"E9Q7F2"	"Rnf169"	"E3 ubiquitin-protein ligase RNF169"
0	0	13027000	0	0	0	133	"O08734"	"Bak1"	"Bcl-2 homologous antagonist/killer"
3148400	0	0	0	0	0	147	"O08912"	"Galnt1"	"Polypeptide N-acetylgalactosaminyltransferase 1;Polypeptide N-acetylgalactosaminyltransferase 1 soluble form"
0	0	8492200	0	0	0	150	"O08917"	"Flot1"	"Flotillin-1"
0	0	8022100	0	0	0	174	"O35075"	"Dscr3"	"Down syndrome critical region protein 3 homolog"
17850000	32281000	81329000	0	0	0	183	"O35206"	"Col15a1"	"Collagen alpha-1(XV) chain;Restin"
3149300	0	0	0	0	0	209	"O35598"	"Adam10"	"Disintegrin and metalloproteinase domain-containing protein 10"
0	10679000	12818000	0	0	0	210	"O35604"	"Npc1"	"Niemann-Pick C1 protein"
0	0	3276600	0	0	0	213	"O35623"	"Bet1"	"BET1 homolog"
0	21084000	0	0	0	0	235	"O35955"	"Psmb10"	"Proteasome subunit beta type-10"
0	0	1444400	0	0	0	237	"O35972"	"Mrpl23"	"39S ribosomal protein L23, mitochondrial"
0	2719800	0	0	0	0	252	"O54931"	"Akap2"	"A-kinase anchor protein 2"
0	7294600	10017000	0	0	0	265	"O55098"	"Stk10"	"Serine/threonine-protein kinase 10"
0	0	13296000	0	0	0	268	"O55106"	"Strn"	"Striatin"
0	11870000	27995000	0	0	0	269	"O55125"	"Nipsnap1"	"Protein NipSnap homolog 1"
15907000	0	0	0	0	0	279	"O55225"	"Otog"	"Otogelin"
0	0	8755800	0	0	0	282	"O55242"	"Sigmar1"	"Sigma non-opioid intracellular receptor 1"
127030000	22598000	25632000	0	0	0	283	"O70131"	"Ninj1"	"Ninjurin-1"
0	0	753560	0	0	0	331	"O88351"	"Ikbkb"	"Inhibitor of nuclear factor kappa-B kinase subunit beta"
0	0	3970800	0	0	0	334	"O88428"	"Papss2"	"Bifunctional 3-phosphoadenosine 5-phosphosulfate synthase 2;Sulfate adenylyltransferase;Adenylyl-sulfate kinase"
0	0	3634000	0	0	0	336	"O88447"	"Klc1"	"Kinesin light chain 1"
0	0	5405300	0	0	0	344	"O88522"	"Ikbkg"	"NF-kappa-B essential modulator"
0	0	13320000	0	0	0	355	"O88653"	"Lamtor3"	"Ragulator complex protein LAMTOR3"
0	0	3696100	0	0	0	371	"O88879"	"Apaf1"	"Apoptotic protease-activating factor 1"
0	0	14995000	0	0	0	387	"O89106"	"Fhit"	"Bis(5-adenosyl)-triphosphatase"
0	6466400	0	0	0	0	399	"P00687"	"Amy1"	"Alpha-amylase 1;Pancreatic alpha-amylase"
34661000	0	0	0	0	0	403	"P01132"	"Egf"	"Pro-epidermal growth factor;Epidermal growth factor"
0	0	4351300	0	0	0	404	"P01630"	NA	"Ig kappa chain V-II region 7S34.1"
0	73914000	43054000	0	0	0	405	"P01631"	NA	"Ig kappa chain V-II region 26-10"
14563000	0	0	0	0	0	407	"P01635"	NA	"Ig kappa chain V-V region K2"
0	0	3303300	0	0	0	410	"P01639"	"Gm5571"	"Ig kappa chain V-V region MOPC 41"
0	0	5741700	0	0	0	411	"P01642"	"Gm10881"	"Ig kappa chain V-V region L7"
41259000	80493000	30214000	0	0	0	412	"P01645"	NA	"Ig kappa chain V-V region HP 93G7;Ig kappa chain V-V region HP R16.7;Ig kappa chain V-V region HP 123E6;Ig kappa chain V-V region HP 124E1"
0	0	2237900	0	0	0	413	"P01648"	NA	"Ig kappa chain V-V region HP 91A3;Ig kappa chain V-V region NQ5-89.4"
0	0	4962000	0	0	0	415	"P01674"	NA	"Ig kappa chain V-III region PC 2154"
0	34141000	33238000	0	0	0	416	"P01679"	NA	"Ig kappa chain V-VI region J539;Ig kappa chain V-VI region SAPC 10;Ig kappa chain V-VI region TEPC 601/TEPC 191;Ig kappa chain V-VI region XRPC 24;Ig kappa chain V-VI region XRPC 44;Ig kappa chain V-VI region NQ5-78.2.6;Ig kappa chain V-VI region NQ2-48.2.2;Ig kappa chain V-VI region NQ2-17.4.1"
0	0	6258300	0	0	0	418	"P01758"	"Igh-VJ558"	"Ig heavy chain V region 108A"
0	29329000	44440000	0	0	0	426	"P01872"	"Ighm"	"Ig mu chain C region"
0	46243000	21821000	0	0	0	427	"P01878"	NA	"Ig alpha chain C region"
2487300	0	0	0	0	0	429	"P01897"	"H2-L"	"H-2 class I histocompatibility antigen, L-D alpha chain"
0	0	4269600	0	0	0	432	"P14439"	"H2-Ea"	"H-2 class II histocompatibility antigen, E-U alpha chain;H-2 class II histocompatibility antigen, E-K alpha chain;H-2 class II histocompatibility antigen, E-D alpha chain"
0	0	6712600	0	0	0	433	"P14438"	"H2-Aa"	"H-2 class II histocompatibility antigen, A-U alpha chain;H-2 class II histocompatibility antigen, A-S alpha chain;H-2 class II histocompatibility antigen, A-R alpha chain;H-2 class II histocompatibility antigen, A-F alpha chain;H-2 class II histocompatibility antigen, I-E alpha chain;H-2 class II histocompatibility antigen, A-B alpha chain;H-2 class II histocompatibility antigen, A-D alpha chain;H-2 class II histocompatibility antigen, A-K alpha chain"
0	34538000	0	0	0	0	446	"P03953"	"Cfd"	"Complement factor D"
0	3485200	0	0	0	0	454	"P04441"	"Cd74"	"H-2 class II histocompatibility antigen gamma chain"
0	14513000	9533900	0	0	0	455	"P04919"	"Slc4a1"	"Band 3 anion transport protein"
1491600	0	0	0	0	0	466	"P05555"	"Itgam"	"Integrin alpha-M"
0	0	13939000	0	0	0	468	"P06330"	NA	"Ig heavy chain V region AC38 205.12"
0	26095000	9891000	0	0	0	469	"P06342"	"H2-Ab1"	"H-2 class II histocompatibility antigen, A-Q beta chain;H-2 class II histocompatibility antigen, A-S beta chain"
0	7934200	3487800	0	0	0	473	"P21447"	"Abcb1a"	"Multidrug resistance protein 1A;Multidrug resistance protein 1B"
17660000	0	0	0	0	0	475	"P06800"	"Ptprc"	"Receptor-type tyrosine-protein phosphatase C"
0	13656000	0	0	0	0	478	"P07091"	"S100a4"	"Protein S100-A4"
0	0	2539100	0	0	0	501	"P08508"	"Fcgr3"	"Low affinity immunoglobulin gamma Fc region receptor III"
352920000	213670000	357560000	0	0	0	505	"P08905"	"Lyz2"	"Lysozyme C-2;Lysozyme C-1"
0	22207000	23379000	0	0	0	516	"P09581"	"Csf1r"	"Macrophage colony-stimulating factor 1 receptor"
0	17183000	21890000	0	0	0	525	"P0C6F1"	"Dnah2"	"Dynein heavy chain 2, axonemal"
0	13292000	7232900	0	0	0	557	"P11531"	"Dmd"	"Dystrophin"
14698000	18448000	22445000	0	0	0	560	"P11835"	"Itgb2"	"Integrin beta-2"
21565000	26955000	50954000	0	0	0	567	"P12246"	"Apcs"	"Serum amyloid P-component"
4761000	14898000	13030000	0	0	0	577	"P13597"	"Icam1"	"Intercellular adhesion molecule 1"
0	17497000	10319000	0	0	0	578	"P13634"	"Ca1"	"Carbonic anhydrase 1"
0	0	4790400	0	0	0	580	"P13864"	"Dnmt1"	"DNA (cytosine-5)-methyltransferase 1"
0	0	3987500	0	0	0	583	"P14106"	"C1qb"	"Complement C1q subcomponent subunit B"
4124800	0	0	0	0	0	595	"P14847"	"Crp"	"C-reactive protein"
0	0	11896000	0	0	0	600	"P15116"	"Cdh2"	"Cadherin-2"
0	78633000	31665000	0	0	0	638	"P18419"	"Svs4"	"Seminal vesicle secretory protein 4"
0	9029200	7167100	0	0	0	652	"P19973"	"Lsp1"	"Lymphocyte-specific protein 1"
0	0	4994900	0	0	0	663	"P21180"	"C2"	"Complement C2;Complement C2b fragment;Complement C2a fragment"
0	0	5109900	0	0	0	671	"P21844"	"Cma1"	"Chymase"
0	0	1422800	0	0	0	676	"P22437"	"Ptgs1"	"Prostaglandin G/H synthase 1"
2766200	0	0	0	0	0	728	"P27870"	"Vav1"	"Proto-oncogene vav;Guanine nucleotide exchange factor VAV3"
13938000	0	13751000	0	0	0	729	"P28063"	"Psmb8"	"Proteasome subunit beta type-8"
0	13859000	8993500	0	0	0	730	"P28076"	"Psmb9"	"Proteasome subunit beta type-9"
0	8113400	9458200	0	0	0	745	"P28867"	"Prkcd"	"Protein kinase C delta type;Protein kinase C delta type regulatory subunit;Protein kinase C delta type catalytic subunit"
0	18782000	18529000	0	0	0	747	"P29351"	"Ptpn6"	"Tyrosine-protein phosphatase non-receptor type 6"
0	0	3015500	0	0	0	750	"P29452"	"Casp1"	"Caspase-1;Caspase-1 subunit p20;Caspase-1 subunit p10"
0	26871000	0	0	0	0	760	"P30933"	"Svs5"	"Seminal vesicle secretory protein 5"
0	0	2143600	0	0	0	761	"P30993"	"C5ar1"	"C5a anaphylatoxin chemotactic receptor 1"
9956500	11777000	18313000	0	0	0	768	"P31532"	"Saa4"	"Serum amyloid A-4 protein"
13625000	0	0	0	0	0	769	"P31725"	"S100a9"	"Protein S100-A9"
0	10462000	9017300	0	0	0	772	"P31938"	"Map2k1"	"Dual specificity mitogen-activated protein kinase kinase 1"
143300000	119620000	71297000	0	0	0	773	"P31996"	"Cd68"	"Macrosialin"
3724100	0	0	0	0	0	795	"P35283"	"Rab12"	"Ras-related protein Rab-12"
64456000	34267000	27983000	0	0	0	801	"P35492"	"Hal"	"Histidine ammonia-lyase"
0	0	5235100	0	0	0	812	"P36423"	"Tbxas1"	"Thromboxane-A synthase"
0	5566400	11408000	0	0	0	814	"P36552"	"Cpox"	"Oxygen-dependent coproporphyrinogen-III oxidase, mitochondrial"
0	0	4727000	0	0	0	822	"P39039"	"Mbl1"	"Mannose-binding protein A"
0	0	1763300	0	0	0	823	"P39053"	"Dnm1"	"Dynamin-1"
0	0	11042000	0	0	0	826	"P39098"	"Man1a2"	"Mannosyl-oligosaccharide 1,2-alpha-mannosidase IB"
0	0	13020000	0	0	0	839	"P41317"	"Mbl2"	"Mannose-binding protein C"
55809000	0	0	0	0	0	840	"P41731"	"Cd63"	"CD63 antigen"
0	6776800	0	0	0	0	850	"P42859"	"Htt"	"Huntingtin"
6183100	0	0	0	0	0	854	"P43247"	"Msh2"	"DNA mismatch repair protein Msh2"
0	11070000	8803000	0	0	0	903	"P48025"	"Syk"	"Tyrosine-protein kinase SYK"
0	0	6416100	0	0	0	905	"P48193"	"Epb41"	"Protein 4.1"
5184100	0	0	0	0	0	907	"P48441"	"Idua"	"Alpha-L-iduronidase"
27323000	36843000	30526000	0	0	0	926	"P49710"	"Hcls1"	"Hematopoietic lineage cell-specific protein"
0	0	4261400	0	0	0	933	"P49935"	"Ctsh"	"Pro-cathepsin H;Cathepsin H mini chain;Cathepsin H;Cathepsin H heavy chain;Cathepsin H light chain"
0	13137000	13467000	0	0	0	937	"P50172"	"Hsd11b1"	"Corticosteroid 11-beta-dehydrogenase isozyme 1"
0	0	1134100	0	0	0	939	"P50285"	"Fmo1"	"Dimethylaniline monooxygenase [N-oxide-forming] 1"
0	13765000	14532000	0	0	0	944	"P50429"	"Arsb"	"Arylsulfatase B"
0	5338500	0	0	0	0	956	"P51432"	"Plcb3"	"1-phosphatidylinositol 4,5-bisphosphate phosphodiesterase beta-3"
3949800	0	0	0	0	0	967	"P51910"	"Apod"	"Apolipoprotein D"
0	0	4352200	0	0	0	977	"P52623"	"Uck1"	"Uridine-cytidine kinase 1"
0	0	15493000	0	0	0	1003	"P54818"	"Galc"	"Galactocerebrosidase"
0	0	3045300	0	0	0	1008	"P55065"	"Pltp"	"Phospholipid transfer protein"
0	18382000	11074000	0	0	0	1010	"P55194"	"Sh3bp1"	"SH3 domain-binding protein 1"
0	0	16703000	0	0	0	1028	"P56392"	"Cox7a1"	"Cytochrome c oxidase subunit 7A1, mitochondrial"
0	16433000	26877000	0	0	0	1033	"P56542"	"Dnase2"	"Deoxyribonuclease-2-alpha"
22964000	0	0	0	0	0	1036	"P56695"	"Wfs1"	"Wolframin"
91133000	0	0	0	0	0	1054	"P58710"	"Gulo"	"L-gulonolactone oxidase"
0	0	8396200	0	0	0	1068	"P60060"	"Sec61g"	"Protein transport protein Sec61 subunit gamma"
0	0	10304000	0	0	0	1072	"P60521"	"Gabarapl2"	"Gamma-aminobutyric acid receptor-associated protein-like 2"
12370000	0	0	0	0	0	1238	"P70158"	"Smpdl3a"	"Acid sphingomyelinase-like phosphodiesterase 3a"
0	9550900	8088000	0	0	0	1245	"P70248"	"Myo1f"	"Unconventional myosin-If"
5385200	0	0	0	0	0	1247	"P70265"	"Pfkfb2"	"6-phosphofructo-2-kinase/fructose-2,6-bisphosphatase 2;6-phosphofructo-2-kinase;Fructose-2,6-bisphosphatase"
0	7854100	0	0	0	0	1249	"P70271"	"Pdlim4"	"PDZ and LIM domain protein 4"
0	20461000	19786000	0	0	0	1250	"P70274"	"Selenop"	"Selenoprotein P"
41391000	46093000	57973000	0	0	0	1253	"P70290"	"Mpp1"	"55 kDa erythrocyte membrane protein"
0	0	5610100	0	0	0	1256	"P70297"	"Stam"	"Signal transducing adapter molecule 1"
0	0	5626400	0	0	0	1258	"P70303"	"Ctps2"	"CTP synthase 2"
0	3473900	8132300	0	0	0	1261	"P70335"	"Rock1"	"Rho-associated protein kinase 1"
31606000	0	0	0	0	0	1265	"P70371"	"Terf1"	"Telomeric repeat-binding factor 1"
0	0	6595400	0	0	0	1281	"P70677"	"Casp3"	"Caspase-3;Caspase-3 subunit p17;Caspase-3 subunit p12"
44297000	0	0	0	0	0	1298	"P83877"	"Txnl4a"	"Thioredoxin-like protein 4A"
0	50292000	0	0	0	0	1320	"P97314"	"Csrp2"	"Cysteine and glycine-rich protein 2"
0	0	2321500	0	0	0	1323	"P97333"	"Nrp1"	"Neuropilin-1"
15626000	0	0	0	0	0	1326	"P97352"	"S100a13"	"Protein S100-A13"
3916600	0	0	0	0	0	1327	"P97355"	"Sms"	"Spermine synthase"
10794000	5999300	10936000	0	0	0	1329	"P97369"	"Ncf4"	"Neutrophil cytosol factor 4"
3222700	0	0	0	0	0	1351	"P97496"	"Smarcc1"	"SWI/SNF complex subunit SMARCC1"
26930000	16755000	15851000	0	0	0	1357	"P97797"	"Sirpa"	"Tyrosine-protein phosphatase non-receptor type substrate 1"
0	32174000	32314000	0	0	0	1361	"P97821"	"Ctsc"	"Dipeptidyl peptidase 1;Dipeptidyl peptidase 1 exclusion domain chain;Dipeptidyl peptidase 1 heavy chain;Dipeptidyl peptidase 1 light chain"
38988000	0	0	0	0	0	1364	"P97825"	"JPT1"	"Hematological and neurological expressed 1 protein;Hematological and neurological expressed 1 protein, N-terminally processed"
1543700	0	0	0	0	0	1367	"P97868"	"Rbbp6"	"E3 ubiquitin-protein ligase RBBP6"
0	0	6636700	0	0	0	1368	"P97927"	"Lama4"	"Laminin subunit alpha-4"
0	0	15661000	0	0	0	1386	"Q00897"	"Serpina1d"	"Alpha-1-antitrypsin 1-4"
0	0	9211300	0	0	0	1389	"Q01147"	"Creb1"	"Cyclic AMP-responsive element-binding protein 1;Cyclic AMP-dependent transcription factor ATF-1"
0	5920600	3046600	0	0	0	1399	"Q01965"	"Ly9"	"T-lymphocyte surface antigen Ly-9"
0	16049000	7809500	0	0	0	1400	"Q02013"	"Aqp1"	"Aquaporin-1"
0	15759000	0	0	0	0	1419	"Q05020"	"Apoc2"	"Apolipoprotein C-II"
53744000	29935000	28605000	0	0	0	1420	"Q05117"	"Acp5"	"Tartrate-resistant acid phosphatase type 5"
0	18626000	27475000	0	0	0	1421	"Q05144"	"Rac2"	"Ras-related C3 botulinum toxin substrate 2"
6622200	0	0	0	0	0	1436	"Q07113"	"Igf2r"	"Cation-independent mannose-6-phosphate receptor"
0	0	3773600	0	0	0	1439	"Q07456"	"Ambp"	"Protein AMBP;Alpha-1-microglobulin;Inter-alpha-trypsin inhibitor light chain;Trypstatin"
0	18318000	26037000	0	0	0	1440	"Q07797"	"Lgals3bp"	"Galectin-3-binding protein"
0	0	650900	0	0	0	1452	"Q0GNC1"	"Inf2"	"Inverted formin-2"
0	0	35885000	0	0	0	1454	"Q0KK59"	"Unc79"	"Protein unc-79 homolog"
0	0	8475300	0	0	0	1468	"Q149T7"	"Ppm1j"	"Protein phosphatase 1J"
18402000	0	0	0	0	0	1469	"Q14AT2"	"Tex11"	"Testis-expressed sequence 11 protein"
1753300	0	0	0	0	0	1473	"Q14C51"	"Ptcd3"	"Pentatricopeptide repeat domain-containing protein 3, mitochondrial"
2345400	0	0	0	0	0	1474	"Q18PI6"	"Cd84"	"SLAM family member 5"
819650000	2152800000	1835900000	0	0	0	1475	"Q19LI2"	"A1bg"	"Alpha-1B-glycoprotein"
16957000	0	0	0	0	0	1487	"Q3SXD3"	"Hddc2"	"HD domain-containing protein 2"
0	0	3948000	0	0	0	1488	"Q3TAS6"	"Emc10"	"ER membrane protein complex subunit 10"
0	0	5347300	0	0	0	1491	"Q3TC93"	"Hs1bp3"	"HCLS1-binding protein 3"
0	4776200	9605200	0	0	0	1493	"Q3TCJ1"	"Abraxas2"	"BRISC complex subunit Abro1"
0	0	5495300	0	0	0	1495	"Q3TDD9"	"Ppp1r21"	"Protein phosphatase 1 regulatory subunit 21"
0	5648200	7147900	0	0	0	1502	"Q3THK3"	"Gtf2f1"	"General transcription factor IIF subunit 1"
0	0	2182900	0	0	0	1505	"Q3TIR3"	"Ric8a"	"Synembryn-A"
0	5732300	4840700	0	0	0	1514	"Q3TLH4"	"Prrc2c"	"Protein PRRC2C"
0	0	9924500	0	0	0	1515	"Q3TLP5"	"Echdc2"	"Enoyl-CoA hydratase domain-containing protein 2, mitochondrial"
0	0	7248900	0	0	0	1516	"Q3TLS3"	"Gdpgp1"	"GDP-D-glucose phosphorylase 1"
77761000	43339000	47787000	0	0	0	1519	"Q3TRM8"	"Hk3"	"Hexokinase-3"
10171000	0	0	0	0	0	1524	"Q3TUL7"	"Dcaf17"	"DDB1- and CUL4-associated factor 17"
6439700	0	0	0	0	0	1529	"Q3TWL2"	"Pip4p1"	"Type 1 phosphatidylinositol 4,5-bisphosphate 4-phosphatase"
0	12229000	7278400	0	0	0	1536	"Q3TZZ7"	"Esyt2"	"Extended synaptotagmin-2"
2710500	0	0	0	0	0	1541	"Q3U1C6"	"Tatdn3"	"Putative deoxyribonuclease TATDN3"
15042000	0	0	0	0	0	1553	"Q3U962"	"Col5a2"	"Collagen alpha-2(V) chain"
5039100	0	0	0	0	0	1578	"Q3UIA2"	"Arhgap17"	"Rho GTPase-activating protein 17"
0	6739000	0	0	0	0	1592	"Q3UMB9"	"Washc4"	"WASH complex subunit 7"
0	44746000	0	0	0	0	1605	"Q3USB7"	"Plcl1"	"Inactive phospholipase C-like protein 1"
4999900	0	0	0	0	0	1619	"Q3V009"	"Tmed1"	"Transmembrane emp24 domain-containing protein 1"
0	0	7213200	0	0	0	1621	"Q3V050"	"Slc47a2"	"Multidrug and toxin extrusion protein 2"
0	0	1691200	0	0	0	1623	"Q3V0C5"	"Usp48"	"Ubiquitin carboxyl-terminal hydrolase 48"
0	0	8131400	0	0	0	1632	"Q3V1T4"	"P3h1"	"Prolyl 3-hydroxylase 1"
0	0	6964000	0	0	0	1636	"Q3V4B5"	"Commd6"	"COMM domain-containing protein 6"
6557000	0	0	0	0	0	1649	"Q4VAE3"	"Tmem65"	"Transmembrane protein 65"
0	0	1680800	0	0	0	1650	"Q4VBD2"	"Tapt1"	"Transmembrane anterior posterior transformation protein 1"
0	11799000	17182000	0	0	0	1662	"Q571E4"	"Galns"	"N-acetylgalactosamine-6-sulfatase"
5611200	0	0	0	0	0	1666	"Q5DTM8"	"Rnf20"	"E3 ubiquitin-protein ligase BRE1A"
2112500	0	0	0	0	0	1669	"Q5EG47"	"Prkaa1"	"5-AMP-activated protein kinase catalytic subunit alpha-1"
13783000	0	15250000	0	0	0	1676	"Q5M8N0"	"Cnrip1"	"CB1 cannabinoid receptor-interacting protein 1"
0	3426300	3106600	0	0	0	1683	"Q5PRF0"	"Heatr5a"	"HEAT repeat-containing protein 5A"
0	0	807700	0	0	0	1686	"Q5RKZ7"	"Mocs1"	"Molybdenum cofactor biosynthesis protein 1;Cyclic pyranopterin monophosphate synthase;Cyclic pyranopterin monophosphate synthase accessory protein"
0	0	4591500	0	0	0	1689	"Q5SFM8"	"Rbm27"	"RNA-binding protein 27"
6049000	0	0	0	0	0	1696	"Q5SU73"	"Coil"	"Coilin"
4176300	0	3625900	0	0	0	1707	"Q5U3K5"	"Rabl6"	"Rab-like protein 6"
0	7957400	14597000	0	0	0	1723	"Q60634"	"Flot2"	"Flotillin-2"
0	8123400	9924100	0	0	0	1728	"Q60675"	"Lama2"	"Laminin subunit alpha-2"
0	0	3257600	0	0	0	1758	"Q60953"	"Pml"	"Protein PML"
0	3410900	0	0	0	0	1759	"Q60963"	"Pla2g7"	"Platelet-activating factor acetylhydrolase"
0	0	4383200	0	0	0	1763	"Q60994"	"Adipoq"	"Adiponectin"
0	7149500	0	0	0	0	1777	"Q61093"	"Cybb"	"Cytochrome b-245 heavy chain"
0	0	5272100	0	0	0	1781	"Q61136"	"Prpf4b"	"Serine/threonine-protein kinase PRP4 homolog"
0	5849400	4864700	0	0	0	1784	"Q61160"	"Fadd"	"FAS-associated death domain protein"
5642200	0	0	0	0	0	1791	"Q61191"	"Hcfc1"	"Host cell factor 1;HCF N-terminal chain 1;HCF N-terminal chain 2;HCF N-terminal chain 3;HCF N-terminal chain 4;HCF N-terminal chain 5;HCF N-terminal chain 6;HCF C-terminal chain 1;HCF C-terminal chain 2;HCF C-terminal chain 3;HCF C-terminal chain 4;HCF C-terminal chain 5;HCF C-terminal chain 6"
5075000	0	7642700	0	0	0	1795	"Q61210"	"Arhgef1"	"Rho guanine nucleotide exchange factor 1"
4202600	0	0	0	0	0	1796	"Q9Z188"	"Dyrk1b"	"Dual specificity tyrosine-phosphorylation-regulated kinase 1B;Dual specificity tyrosine-phosphorylation-regulated kinase 1A"
0	9611200	9479300	0	0	0	1802	"Q61249"	"Igbp1"	"Immunoglobulin-binding protein 1"
0	9245400	0	0	0	0	1821	"Q61490"	"Alcam"	"CD166 antigen"
0	0	2947400	0	0	0	1828	"Q61550"	"Rad21"	"Double-strand-break repair protein rad21 homolog"
0	12516000	0	0	0	0	1829	"Q61553"	"Fscn1"	"Fascin"
0	34615000	58326000	0	0	0	1830	"Q61554"	"Fbn1"	"Fibrillin-1"
0	0	16145000	0	0	0	1831	"Q61559"	"Fcgrt"	"IgG receptor FcRn large subunit p51"
0	0	8070700	0	0	0	1836	"Q61592"	"Gas6"	"Growth arrest-specific protein 6"
0	0	1568500	0	0	0	1864	"Q62028"	"Pla2r1"	"Secretory phospholipase A2 receptor;Soluble secretory phospholipase A2 receptor"
5459500	0	0	0	0	0	1874	"Q62159"	"Rhoc"	"Rho-related GTP-binding protein RhoC"
0	0	6140900	0	0	0	1875	"Q62167"	"Ddx3x"	"ATP-dependent RNA helicase DDX3X"
0	7340900	6831000	0	0	0	1881	"Q62219"	"Tgfb1i1"	"Transforming growth factor beta-1-induced transcript 1 protein"
66144000	90778000	94817000	0	0	0	1882	"Q62230"	"Siglec1"	"Sialoadhesin"
0	0	3746600	0	0	0	1887	"Q62311"	"Taf6"	"Transcription initiation factor TFIID subunit 6"
0	0	2654300	0	0	0	1918	"Q64008"	"Rab34"	"Ras-related protein Rab-34"
0	18997000	0	0	0	0	1935	"Q64356"	"Svs6"	"Seminal vesicle secretory protein 6"
0	8357500	4767600	0	0	0	1939	"Q64429"	"Cyp1b1"	"Cytochrome P450 1B1"
0	1627300	0	0	0	0	1942	"Q64437"	"Adh7"	"Alcohol dehydrogenase class 4 mu/sigma chain"
5702000	0	0	0	0	0	1959	"Q65Z40"	"Wapl"	"Wings apart-like protein homolog"
0	5542200	2715100	0	0	0	1976	"Q69ZW3"	"Ehbp1"	"EH domain-binding protein 1"
0	0	2948000	0	0	0	2005	"Q6NXN1"	"Szrd1"	"SUZ domain-containing protein 1"
0	0	4540400	0	0	0	2024	"Q6P549"	"Inppl1"	"Phosphatidylinositol 3,4,5-trisphosphate 5-phosphatase 2"
0	5937200	0	0	0	0	2036	"Q6P9J9"	"Ano6"	"Anoctamin-6"
31613000	0	0	0	0	0	2040	"Q6PAQ9"	"Prrg3"	"Transmembrane gamma-carboxyglutamic acid protein 3"
0	2862200	3025800	0	0	0	2065	"Q6PGC1"	"Dhx29"	"ATP-dependent RNA helicase Dhx29"
0	6694600	5916400	0	0	0	2068	"Q6PGL7"	"Washc2"	"WASH complex subunit FAM21"
0	6940200	5202900	0	0	0	2074	"Q6PIU9"	NA	"Uncharacterized protein FLJ45252 homolog"
0	0	4686700	0	0	0	2080	"Q6R891"	"Ppp1r9b"	"Neurabin-2"
0	5088200	0	0	0	0	2092	"Q6YGZ1"	"Hpse"	"Heparanase;Heparanase 8 kDa subunit;Heparanase 50 kDa subunit"
0	0	3608300	0	0	0	2104	"Q6ZQH8"	"Nup188"	"Nucleoporin NUP188 homolog"
18090000	23838000	27842000	0	0	0	2110	"Q6ZWQ7"	"Spcs3"	""
89214000	0	0	0	0	0	2111	"Q6ZWR6"	"Syne1"	"Nesprin-1"
0	6214600	0	0	0	0	2122	"Q71FD7"	"Fblim1"	"Filamin-binding LIM protein 1"
0	20395000	21605000	0	0	0	2124	"Q71LX4"	"Tln2"	"Talin-2"
0	0	4088300	0	0	0	2131	"Q78JE5"	"Fbxo22"	"F-box only protein 22"
5594600	0	0	0	0	0	2152	"Q7TMQ7"	"Wdr91"	"WD repeat-containing protein 91"
0	0	2808000	0	0	0	2164	"Q7TPD0"	"Ints3"	"Integrator complex subunit 3"
0	0	3670200	0	0	0	2168	"Q7TQ62"	"Podn"	"Podocan"
0	0	2906200	0	0	0	2173	"Q7TQK1"	"Ints7"	"Integrator complex subunit 7"
0	27874000	23878000	0	0	0	2181	"Q7TSV4"	"Pgm2"	"Phosphoglucomutase-2"
89298000	78216000	96427000	0	0	0	2186	"Q80SY3"	"Atp6v0d2"	"V-type proton ATPase subunit d 2"
0	5246300	6828600	0	0	0	2189	"Q80TF6"	"Stard9"	"StAR-related lipid transfer protein 9"
0	0	288010000	0	0	0	2209	"Q80UW5"	"Cdc42bpg"	"Serine/threonine-protein kinase MRCK gamma"
0	0	10630000	0	0	0	2219	"Q80VQ0"	"Aldh3b1"	"Aldehyde dehydrogenase family 3 member B1"
0	0	10965000	0	0	0	2243	"Q80XD1"	"Chn2"	"Beta-chimaerin"
0	0	5739000	0	0	0	2252	"Q80Y55"	"Bsdc1"	"BSD domain-containing protein 1"
2598700	0	0	0	0	0	2258	"Q80YD1"	"Supv3l1"	"ATP-dependent RNA helicase SUPV3L1, mitochondrial"
0	0	40731000	0	0	0	2275	"Q810U5"	"Ccdc50"	"Coiled-coil domain-containing protein 50"
5744200	0	0	0	0	0	2278	"Q8BFP9"	"Pdk1"	"[Pyruvate dehydrogenase (acetyl-transferring)] kinase isozyme 1, mitochondrial"
5899500	0	0	0	0	0	2292	"Q8BG07"	"Pld4"	"Phospholipase D4"
2872800	0	0	0	0	0	2300	"Q8BG94"	"Commd7"	"COMM domain-containing protein 7"
0	0	16530000	0	0	0	2324	"Q8BH43"	"Wasf2"	"Wiskott-Aldrich syndrome protein family member 2"
0	11712000	12711000	0	0	0	2325	"Q8BH48"	"Ubap1"	"Ubiquitin-associated protein 1"
3571900	0	0	0	0	0	2349	"Q8BHS3"	"Rbm22"	"Pre-mRNA-splicing factor RBM22"
3655800	0	0	0	0	0	2359	"Q8BIJ7"	"Rufy1"	"RUN and FYVE domain-containing protein 1"
0	11380000	8440400	0	0	0	2374	"Q8BK62"	"Olfml3"	"Olfactomedin-like protein 3"
6444100	0	0	0	0	0	2378	"Q8BK72"	"Mrps27"	"28S ribosomal protein S27, mitochondrial"
0	5267200	2973900	0	0	0	2382	"Q8BKG3"	"Ptk7"	"Inactive tyrosine-protein kinase 7"
0	0	5610700	0	0	0	2393	"Q8BM55"	"Tmem214"	"Transmembrane protein 214"
0	0	2616500	0	0	0	2399	"Q8BMF3"	"Me3"	"NADP-dependent malic enzyme, mitochondrial"
0	0	34169000	0	0	0	2402	"Q8BMI0"	"Fbxo38"	"F-box only protein 38"
0	3906700	0	0	0	0	2425	"Q8BPB5"	"Efemp1"	"EGF-containing fibulin-like extracellular matrix protein 1"
0	0	5317900	0	0	0	2459	"Q8BU31"	"Rap2c"	"Ras-related protein Rap-2c"
0	0	13493000	0	0	0	2461	"Q8BU85"	"Msrb3"	"Methionine-R-sulfoxide reductase B3, mitochondrial"
3781400	0	0	0	0	0	2468	"Q8BVA2"	"Tmem222"	"Transmembrane protein 222"
0	0	4514100	0	0	0	2469	"Q8BVA5"	"Ldah"	"UPF0554 protein C2orf43 homolog"
18249000	0	0	0	0	0	2472	"Q8BVL3"	"Snx17"	"Sorting nexin-17"
6174900	0	0	0	0	0	2489	"Q8BWR2"	"Pithd1"	"PITH domain-containing protein 1"
23983000	0	0	0	0	0	2492	"Q8BWU3"	"Fam131a"	"Protein FAM131A"
0	0	3283200	0	0	0	2495	"Q8BWW9"	"Pkn2"	"Serine/threonine-protein kinase N2"
0	6689400	6000500	0	0	0	2506	"Q8BXN9"	"Tmem87a"	"Transmembrane protein 87A"
0	7249000	0	0	0	0	2514	"Q8BYC6"	"Taok3"	"Serine/threonine-protein kinase TAO3;Serine/threonine-protein kinase TAO1"
2304200	0	0	0	0	0	2515	"Q8BYJ6"	"Tbc1d4"	"TBC1 domain family member 4"
0	3105700	3712900	0	0	0	2516	"Q8BYN5"	"Fsd1l"	"FSD1-like protein"
24254000	22271000	46102000	0	0	0	2518	"Q8BYW1"	"Arhgap25"	"Rho GTPase-activating protein 25"
0	11310000	8634000	0	0	0	2523	"Q8BZF8"	"Pgm5"	"Phosphoglucomutase-like protein 5"
0	14222000	0	0	0	0	2525	"Q8BZR9"	"Ncbp3"	"Uncharacterized protein C17orf85 homolog"
0	0	4760500	0	0	0	2527	"Q8BZW8"	"Nhlrc2"	"NHL repeat-containing protein 2"
0	7258300	3384500	0	0	0	2535	"Q8C0E3"	"Trim47"	"Tripartite motif-containing protein 47"
7816200	0	0	0	0	0	2539	"Q8C0L6"	"Paox"	"Peroxisomal N(1)-acetyl-spermine/spermidine oxidase"
0	0	5738800	0	0	0	2556	"Q8C3J5"	"Dock2"	"Dedicator of cytokinesis protein 2"
0	6926900	0	0	0	0	2558	"Q8C3X2"	"Ccdc90b"	"Coiled-coil domain-containing protein 90B, mitochondrial"
0	7912400	6317900	0	0	0	2563	"Q8C522"	"Endod1"	"Endonuclease domain-containing 1 protein"
0	0	1432400	0	0	0	2589	"Q8C863"	"Itch"	"E3 ubiquitin-protein ligase Itchy"
0	29752000	34747000	0	0	0	2600	"Q8CC88"	"Vwa8"	"von Willebrand factor A domain-containing protein 8"
21758000	17522000	28370000	0	0	0	2604	"Q8CCK0"	"H2afy2"	"Core histone macro-H2A.2"
0	0	4840800	0	0	0	2615	"Q8CE96"	"Trmt6"	"tRNA (adenine(58)-N(1))-methyltransferase non-catalytic subunit TRM6"
2698500	0	0	0	0	0	2625	"Q8CFE4"	"Scyl2"	"SCY1-like protein 2"
0	0	7505800	0	0	0	2636	"Q8CG50"	"Rab43"	"Ras-related protein Rab-43"
10967000	0	8436900	0	0	0	2637	"Q8CG72"	"Adprhl2"	"Poly(ADP-ribose) glycohydrolase ARH3"
0	0	1448900	0	0	0	2639	"Q8CGA0"	"Ppm1f"	"Protein phosphatase 1F"
0	18740000	0	0	0	0	2643	"Q8CGE8"	"Ifi205a"	"Interferon-activable protein 205-A;Myeloid cell nuclear differentiation antigen-like protein"
0	6662900	8231400	0	0	0	2650	"Q8CGY8"	"Ogt"	"UDP-N-acetylglucosamine--peptide N-acetylglucosaminyltransferase 110 kDa subunit"
0	0	11336000	0	0	0	2656	"Q8CHC4"	"Synj1"	"Synaptojanin-1"
0	0	2613100	0	0	0	2667	"Q8CHY3"	"Dym"	"Dymeclin"
9396600	0	0	0	0	0	2669	"Q8CI04"	"Cog3"	"Conserved oligomeric Golgi complex subunit 3"
1204400	0	0	0	0	0	2676	"Q8CI61"	"Bag4"	"BAG family molecular chaperone regulator 4"
0	0	3366600	0	0	0	2683	"Q8CIF4"	"Btd"	"Biotinidase"
0	0	11392000	0	0	0	2685	"Q8CIM3"	"D2hgdh"	"D-2-hydroxyglutarate dehydrogenase, mitochondrial"
0	0	6418200	0	0	0	2689	"Q8CJG0"	"Ago2"	"Protein argonaute-2"
0	0	5069000	0	0	0	2701	"Q8JZY2"	"Commd10"	"COMM domain-containing protein 10"
0	0	5676200	0	0	0	2716	"Q8K0Q5"	"Arhgap18"	"Rho GTPase-activating protein 18"
18468000	26542000	38369000	0	0	0	2727	"Q8K1B8"	"Fermt3"	"Fermitin family homolog 3"
0	0	2250000	0	0	0	2729	"Q8K1C9"	"Lrrc41"	"Leucine-rich repeat-containing protein 41"
6093600	0	0	0	0	0	2730	"Q8K1E0"	"Stx5"	"Syntaxin-5"
3600200	0	0	0	0	0	2736	"Q8K1R3"	"Pnpt1"	"Polyribonucleotide nucleotidyltransferase 1, mitochondrial"
0	8497900	14601000	0	0	0	2738	"Q8K1X1"	"Wdr11"	"WD repeat-containing protein 11"
0	0	5739800	0	0	0	2739	"Q8K1X4"	"Nckap1l"	""
0	0	8043700	0	0	0	2741	"Q8K211"	"Slc31a1"	"High affinity copper uptake protein 1"
0	13874000	8968900	0	0	0	2747	"Q8K297"	"Colgalt1"	"Procollagen galactosyltransferase 1"
0	0	8481000	0	0	0	2756	"Q8K2I4"	"Manba"	"Beta-mannosidase"
0	8805200	9088900	0	0	0	2766	"Q8K2T8"	"Paf1"	"RNA polymerase II-associated factor 1 homolog"
1687100	0	0	0	0	0	2769	"Q8K2Y7"	"Mrpl47"	"39S ribosomal protein L47, mitochondrial"
0	0	3098300	0	0	0	2770	"Q8K2Z2"	"Prpf39"	"Pre-mRNA-processing factor 39"
0	8218800	8503400	0	0	0	2792	"Q8K449"	"Abca9"	"ATP-binding cassette sub-family A member 9"
0	10789000	10552000	0	0	0	2794	"Q8K4B0"	"Mta1"	"Metastasis-associated protein MTA1"
0	0	3446000	0	0	0	2795	"Q8K4D3"	"Slc36a1"	"Proton-coupled amino acid transporter 1"
0	6869000	7639900	0	0	0	2804	"Q8K4Q8"	"Colec12"	"Collectin-12"
16288000	0	0	0	0	0	2821	"Q8R059"	"Gale"	"UDP-glucose 4-epimerase"
0	0	3528400	0	0	0	2825	"Q8R088"	"Golph3l"	"Golgi phosphoprotein 3-like"
0	13147000	7204100	0	0	0	2835	"Q8R121"	"Serpina10"	"Protein Z-dependent protease inhibitor"
0	0	978990	0	0	0	2840	"Q8R151"	"Znfx1"	"NFX1-type zinc finger-containing protein 1"
0	0	3773600	0	0	0	2848	"Q8R1G6"	"Pdlim2"	"PDZ and LIM domain protein 2"
0	3298100	2392600	0	0	0	2850	"Q8R1J9"	"Tor2a"	"Torsin-2A;Prosalusin;Salusin-beta"
9977200	0	0	0	0	0	2859	"Q8R242"	"Ctbs"	"Di-N-acetylchitobiase"
0	0	37574000	0	0	0	2882	"Q8R3L8"	"Cdk8"	"Cyclin-dependent kinase 8"
0	6891200	0	0	0	0	2884	"Q8R3P7"	"Cluap1"	"Clusterin-associated protein 1"
4235800	0	0	0	0	0	2900	"Q8R5A6"	"Tbc1d22a"	"TBC1 domain family member 22A"
0	0	4939000	0	0	0	2905	"Q8R5L3"	"Vps39"	"Vam6/Vps39-like protein"
1610000	0	0	0	0	0	2909	"Q8VBT6"	"Apobr"	"Apolipoprotein B receptor"
0	6483200	0	0	0	0	2918	"Q8VC85"	"Lsm1"	"U6 snRNA-associated Sm-like protein LSm1"
0	0	5072600	0	0	0	2922	"Q8VCD6"	"Reep2"	"Receptor expression-enhancing protein 2"
0	0	2906800	0	0	0	2933	"Q8VCS0"	"Pglyrp2"	"N-acetylmuramoyl-L-alanine amidase"
0	21146000	11821000	0	0	0	2939	"Q8VD04"	"Gripap1"	"GRIP1-associated protein 1"
0	5761100	6299000	0	0	0	2943	"Q8VD65"	"Pik3r4"	"Phosphoinositide 3-kinase regulatory subunit 4"
0	4023700	6157200	0	0	0	2948	"Q8VDD8"	"Washc1"	"WAS protein family homolog 1"
0	0	5679900	0	0	0	2961	"Q8VDS8"	"Stx18"	"Syntaxin-18"
10532000	0	0	0	0	0	2962	"Q8VDV3"	"Rab3il1"	"Guanine nucleotide exchange factor for Rab-3A"
0	0	3988300	0	0	0	2976	"Q8VEB4"	"Pla2g15"	"Group XV phospholipase A2"
5572300	12951000	0	0	0	0	2991	"Q8VHC3"	"Selenom"	"Selenoprotein M"
0	8225300	11975000	0	0	0	3023	"Q91VJ2"	"Cavin3"	"Protein kinase C delta-binding protein"
0	0	18759000	0	0	0	3031	"Q91VR8"	"Brk1"	"Protein BRICK1"
9326900	0	0	0	0	0	3035	"Q91VU0"	"Fam3c"	"Protein FAM3C"
0	0	10939000	0	0	0	3039	"Q91VZ6"	"Smap1"	"Stromal membrane-associated protein 1"
0	0	5889300	0	0	0	3044	"Q91W69"	"Epn3"	"Epsin-3"
0	14858000	13953000	0	0	0	3045	"Q91W86"	"Vps11"	"Vacuolar protein sorting-associated protein 11 homolog"
5656900	5951100	5646700	0	0	0	3050	"Q91WC9"	"Daglb"	"Sn1-specific diacylglycerol lipase beta"
0	16287000	0	0	0	0	3054	"Q91WG0"	"Ces2c"	"Acylcarnitine hydrolase"
1500600	0	0	0	0	0	3075	"Q91X97"	"Ncald"	"Neurocalcin-delta"
0	0	1012900	0	0	0	3089	"Q91YD3"	"Dcp1a"	"mRNA-decapping enzyme 1A"
11139000	16237000	15937000	0	0	0	3108	"Q91YS8"	"Camk1"	"Calcium/calmodulin-dependent protein kinase type 1"
0	0	5510500	0	0	0	3111	"Q91YX5"	"Lpgat1"	"Acyl-CoA:lysophosphatidylglycerol acyltransferase 1"
5211100	0	0	0	0	0	3118	"Q91ZE0"	"Tmlhe"	"Trimethyllysine dioxygenase, mitochondrial"
0	4937700	0	0	0	0	3122	"Q91ZR2"	"Snx18"	"Sorting nexin-18"
0	23034000	17579000	0	0	0	3162	"Q922F4"	"Tubb6"	"Tubulin beta-6 chain"
3615100	4424200	5320800	0	0	0	3167	"Q922J9"	"Far1"	"Fatty acyl-CoA reductase 1"
0	2715500	0	0	0	0	3168	"Q922K7"	"Nop2"	"Probable 28S rRNA (cytosine-C(5))-methyltransferase"
0	6058900	7304900	0	0	0	3172	"Q922Q4"	"Pycr2"	"Pyrroline-5-carboxylate reductase 2"
0	0	2413500	0	0	0	3176	"Q922S4"	"Pde2a"	"cGMP-dependent 3,5-cyclic phosphodiesterase"
0	17279000	12820000	0	0	0	3182	"Q923B6"	"Steap4"	"Metalloreductase STEAP4"
15680000	0	0	0	0	0	3209	"Q99J93"	"Ifitm2"	"Interferon-induced transmembrane protein 2"
0	9092500	0	0	0	0	3215	"Q99JI1"	"Mustn1"	"Musculoskeletal embryonic nuclear protein 1"
0	0	13102000	0	0	0	3219	"Q99JR5"	"Tinagl1"	"Tubulointerstitial nephritis antigen-like"
0	0	2098700	0	0	0	3227	"Q99JY3"	"Gimap4"	"GTPase IMAP family member 4"
16076000	17687000	17392000	0	0	0	3232	"Q99K41"	"Emilin1"	"EMILIN-1"
0	7995400	0	0	0	0	3259	"Q99KW3"	"Triobp"	"TRIO and F-actin-binding protein"
0	0	4232200	0	0	0	3264	"Q99L27"	"Gmpr2"	"GMP reductase 2;GMP reductase 1"
0	11950000	12985000	0	0	0	3285	"Q99LJ1"	"Fuca1"	"Tissue alpha-L-fucosidase"
0	0	8268200	0	0	0	3297	"Q99M71"	"Epdr1"	"Mammalian ependymin-related protein 1"
1760500	0	0	0	0	0	3307	"Q99MR3"	"Slc12a9"	"Solute carrier family 12 member 9"
2733100	0	0	0	0	0	3315	"Q99N57"	"Raf1"	"RAF proto-oncogene serine/threonine-protein kinase;Serine/threonine-protein kinase A-Raf;Serine/threonine-protein kinase B-raf"
630110000	231120000	276480000	0	0	0	3324	"Q99P91"	"Gpnmb"	"Transmembrane glycoprotein NMB"
0	9080000	10100000	0	0	0	3328	"Q99PM3"	"Gtf2a1"	"Transcription initiation factor IIA subunit 1;Transcription initiation factor IIA alpha chain;Transcription initiation factor IIA beta chain"
4675900	0	0	0	0	0	3341	"Q9CPS6"	"Hint3"	"Histidine triad nucleotide-binding protein 3"
0	0	4508200	0	0	0	3348	"Q9CPW7"	"Zmat2"	"Zinc finger matrin-type protein 2"
6714000	0	0	0	0	0	3354	"Q9CQ02"	"Commd4"	"COMM domain-containing protein 4"
0	0	17059000	0	0	0	3378	"Q9CQ89"	"Cuta"	"Protein CutA"
0	0	3693900	0	0	0	3380	"Q9CQA1"	"Trappc5"	"Trafficking protein particle complex subunit 5"
6848500	0	0	0	0	0	3386	"Q9CQC8"	"Spg21"	"Maspardin"
0	0	4522600	0	0	0	3390	"Q9CQE5"	"Rgs10"	"Regulator of G-protein signaling 10"
0	2880600	0	0	0	0	3398	"Q9CQG2"	"Mettl16"	"Methyltransferase-like protein 16"
28253000	0	0	0	0	0	3410	"Q9CQM2"	"Kdelr2"	"ER lumen protein-retaining receptor 2;ER lumen protein-retaining receptor 3"
0	0	51097000	0	0	0	3422	"Q9CQS8"	"Sec61b"	"Protein transport protein Sec61 subunit beta"
13579000	0	0	0	0	0	3435	"Q9CQW9"	"Ifitm3"	"Interferon-induced transmembrane protein 3"
0	6281100	5653200	0	0	0	3462	"Q9CR89"	"Ergic2"	"Endoplasmic reticulum-Golgi intermediate compartment protein 2"
0	0	32031000	0	0	0	3463	"Q9CR98"	"Fam136a"	"Protein FAM136A"
2834600	0	0	0	0	0	3475	"Q9CRT8"	"Xpot"	"Exportin-T"
16551000	0	0	0	0	0	3500	"Q9CWP4"	"Ly6k"	"Lymphocyte antigen 6K"
0	0	2447500	0	0	0	3501	"Q9CWP6"	"Mospd2"	"Motile sperm domain-containing protein 2"
0	10561000	0	0	0	0	3514	"Q9CXA2"	"L3hypdh"	"Trans-L-3-hydroxyproline dehydratase"
0	0	10727000	0	0	0	3515	"Q9CXD9"	"Lrrc17"	"Leucine-rich repeat-containing protein 17"
3961800	0	0	0	0	0	3532	"Q9CY18"	"Snx7"	"Sorting nexin-7"
1929000	0	0	0	0	0	3538	"Q9CY62"	"Rnf181"	"E3 ubiquitin-protein ligase RNF181"
10562000	0	0	0	0	0	3541	"Q9CY97"	"Ssu72"	"RNA polymerase II subunit A C-terminal domain phosphatase SSU72"
0	0	7088900	0	0	0	3550	"Q9CYN9"	"Atp6ap2"	"Renin receptor"
5728400	0	0	0	0	0	3616	"Q9D187"	"Fam96b"	"Mitotic spindle-associated MMXD complex subunit MIP18"
16215000	0	0	0	0	0	3621	"Q9D1F4"	"Akt1s1"	"Proline-rich AKT1 substrate 1"
0	10106000	17135000	0	0	0	3623	"Q9D1G5"	"Lrrc57"	"Leucine-rich repeat-containing protein 57"
0	0	12530000	0	0	0	3636	"Q9D1Q4"	"Dpm3"	"Dolichol-phosphate mannosyltransferase subunit 3"
0	6395900	0	0	0	0	3639	"Q9D281"	"Fam114a1"	"Protein Noxp20"
4889300	0	0	0	0	0	3650	"Q9D2N9"	"Vps33a"	"Vacuolar protein sorting-associated protein 33A"
0	0	6962500	0	0	0	3656	"Q9D394"	"Rufy3"	"Protein RUFY3"
3887100	0	0	0	0	0	3659	"Q9D3P8"	"Plgrkt"	"Plasminogen receptor (KT)"
3094300	0	0	0	0	0	3681	"Q9D5E4"	"Drc3"	"Leucine-rich repeat-containing protein 48"
6741300	0	0	0	0	0	3701	"Q9D6S7"	"Mrrf"	"Ribosome-recycling factor, mitochondrial"
0	0	7299800	0	0	0	3710	"Q9D710"	"Tmx2"	"Thioredoxin-related transmembrane protein 2"
0	0	5215600	0	0	0	3713	"Q9D7A6"	"Srp19"	"Signal recognition particle 19 kDa protein"
0	0	4712800	0	0	0	3721	"Q9D7N3"	"Mrps9"	"28S ribosomal protein S9, mitochondrial"
0	0	4822000	0	0	0	3724	"Q9D7S7"	"Rpl22l1"	"60S ribosomal protein L22-like 1"
8523000	0	0	0	0	0	3757	"Q9D8Y7"	"Tnfaip8l2"	"Tumor necrosis factor alpha-induced protein 8-like protein 2"
4072800	0	0	0	0	0	3760	"Q9D920"	"Borcs5"	"Loss of heterozygosity 12 chromosomal region 1 protein homolog"
0	0	23531000	0	0	0	3764	"Q9D967"	"Mdp1"	"Magnesium-dependent phosphatase 1"
0	25941000	0	0	0	0	3809	"Q9DAP7"	"Asf1b"	"Histone chaperone ASF1B"
0	0	6660900	0	0	0	3862	"Q9DBU0"	"Tm9sf1"	"Transmembrane 9 superfamily member 1"
2645000	0	0	0	0	0	3882	"Q9DCE5"	"Pak1ip1"	"p21-activated protein kinase-interacting protein 1"
0	13014000	0	0	0	0	3883	"Q9DCF9"	"Ssr3"	"Translocon-associated protein subunit gamma"
16860000	0	0	0	0	0	3892	"Q9DCM0"	"Ethe1"	"Persulfide dioxygenase ETHE1, mitochondrial"
0	21667000	0	0	0	0	3910	"Q9DD18"	"Dtd1"	"D-tyrosyl-tRNA(Tyr) deacylase 1"
5412300	0	0	0	0	0	3957	"Q9ERL7"	"Gmfg"	"Glia maturation factor gamma"
0	0	31143000	0	0	0	3959	"Q9ERR7"	"Selenof"	"15 kDa selenoprotein"
1935600	0	0	0	0	0	3967	"Q9ES52"	"Inpp5d"	"Phosphatidylinositol 3,4,5-trisphosphate 5-phosphatase 1"
0	5443300	5265800	0	0	0	3973	"Q9ESE1"	"Lrba"	"Lipopolysaccharide-responsive and beige-like anchor protein"
8157300	0	0	0	0	0	3975	"Q9ESJ0"	"Xpo4"	"Exportin-4"
23734000	22245000	24523000	0	0	0	3989	"Q9JHF7"	"Hpgds"	"Hematopoietic prostaglandin D synthase"
0	7602300	4601100	0	0	0	3993	"Q9JHJ3"	"Glmp"	"Glycosylated lysosomal membrane protein"
0	12168000	10239000	0	0	0	3996	"Q9JHK5"	"Plek"	"Pleckstrin"
0	27465000	0	0	0	0	4007	"Q9JHW9"	"Aldh1a3"	"Aldehyde dehydrogenase family 1 member A3"
4956000	0	0	0	0	0	4015	"Q9JIA7"	"Sphk2"	"Sphingosine kinase 2"
4009000	0	0	0	0	0	4017	"Q9JIB4"	"Gtf2h2"	"General transcription factor IIH subunit 2"
0	10252000	9350800	0	0	0	4020	"Q9JIG7"	"Ccdc22"	"Coiled-coil domain-containing protein 22"
0	0	6947000	0	0	0	4040	"Q9JJH1"	"Rnase4"	"Ribonuclease 4"
97635000	76724000	79974000	0	0	0	4049	"Q9JJX6"	"P2rx4"	"P2X purinoceptor 4"
0	0	6170800	0	0	0	4061	"Q9JKC8"	"Ap3m1"	"AP-3 complex subunit mu-1"
3026400	0	0	0	0	0	4072	"Q9JL15"	"Lgals8"	"Galectin-8"
0	0	13073000	0	0	0	4074	"Q9JL62"	"Gltp"	"Glycolipid transfer protein"
0	0	1919200	0	0	0	4085	"Q9JLQ2"	"Git2"	"ARF GTPase-activating protein GIT2"
0	11769000	7696900	0	0	0	4087	"Q9JLV1"	"Bag3"	"BAG family molecular chaperone regulator 3"
0	0	23803000	0	0	0	4091	"Q9JM13"	"Rabgef1"	"Rab5 GDP/GTP exchange factor"
0	0	1799200	0	0	0	4104	"Q9JMH9"	"Myo18a"	"Unconventional myosin-XVIIIa"
0	0	3065200	0	0	0	4122	"Q9QXE0"	"Hacl1"	"2-hydroxyacyl-CoA lyase 1"
0	0	6204800	0	0	0	4128	"Q9QXL8"	"Nme7"	"Nucleoside diphosphate kinase 7"
0	3489200	0	0	0	0	4137	"Q9QY06"	"Myo9b"	"Unconventional myosin-IXb"
0	0	28897000	0	0	0	4143	"Q9QY93"	"Dctpp1"	"dCTP pyrophosphatase 1"
0	7484100	0	0	0	0	4161	"Q9QZ25"	"Vnn3"	"Vascular non-inflammatory molecule 3"
0	0	1185400	0	0	0	4165	"Q9QZ85"	"Iigp1"	"Interferon-inducible GTPase 1"
0	0	95071000	0	0	0	4180	"Q9QZZ6"	"Dpt"	"Dermatopontin"
0	28757000	33225000	0	0	0	4187	"Q9R0B9"	"Plod2"	"Procollagen-lysine,2-oxoglutarate 5-dioxygenase 2"
0	8822500	0	0	0	0	4189	"Q9R0E1"	"Plod3"	"Procollagen-lysine,2-oxoglutarate 5-dioxygenase 3"
0	2963800	0	0	0	0	4190	"Q9R0E2"	"Plod1"	"Procollagen-lysine,2-oxoglutarate 5-dioxygenase 1"
0	13897000	12891000	0	0	0	4204	"Q9R0Q9"	"Mpdu1"	"Mannose-P-dolichol utilization defect 1 protein"
0	8167200	0	0	0	0	4211	"Q9R118"	"Htra1"	"Serine protease HTRA1"
4206500	0	0	0	0	0	4225	"Q9R1T4"	"Sept6"	"Septin-6"
5815400	6757600	8717100	0	0	0	4228	"Q9R233"	"Tapbp"	"Tapasin"
6893500	0	0	0	0	0	4231	"Q9WTJ8"	"Fam50b"	"Protein FAM50B"
1234000	0	0	0	0	0	4240	"Q9WTR1"	"Trpv2"	"Transient receptor potential cation channel subfamily V member 2"
0	0	4069000	0	0	0	4251	"Q9WU79"	"Prodh"	"Proline dehydrogenase 1, mitochondrial"
0	0	5078100	0	0	0	4273	"Q9WV34"	"Mpp2"	"MAGUK p55 subfamily member 2"
0	4858000	5100100	0	0	0	4279	"Q9WV85"	"Nme3"	"Nucleoside diphosphate kinase 3"
0	0	4081400	0	0	0	4286	"Q9WVG6"	"Carm1"	"Histone-arginine methyltransferase CARM1"
11111000	38036000	18051000	0	0	0	4287	"Q9WVH9"	"Fbln5"	"Fibulin-5"
0	29845000	0	0	0	0	4298	"Q9Z0F7"	"Sncg"	"Gamma-synuclein"
0	0	8172400	0	0	0	4300	"Q9Z0H4"	"Celf2"	"CUGBP Elav-like family member 2"
29794000	38206000	66756000	0	0	0	4318	"Q9Z0Z4"	"Heph"	"Hephaestin"
25797000	56906000	57354000	0	0	0	4319	"Q9Z100"	"Cpxm1"	"Probable carboxypeptidase X1"
0	3435400	5346400	0	0	0	4320	"Q9Z108"	"Stau1"	"Double-stranded RNA-binding protein Staufen homolog 1"
0	0	13127000	0	0	0	4342	"Q9Z1R3"	"Apom"	"Apolipoprotein M"
0	0	18193000	0	0	0	4350	"Q9Z210"	"Pex11b"	"Peroxisomal membrane protein 11B"
0	0	3661400	0	0	0	4355	"Q9Z2A5"	"Ate1"	"Arginyl-tRNA--protein transferase 1"
0	0	6240300	0	0	0	4371	"Q9Z2Q6"	"Sept5"	"Septin-5"
